<?xml version="1.0" encoding="ISO-8859-1"?>
<Graphics_Resource_Converter>
<Configuration>
<major>3</major>
<minor>0</minor>
<compiler>C30</compiler>
<format>CArray</format>
<graphics_module>false</graphics_module>
</Configuration>
<Bitmaps>
<Bitmap_Resource>
<label>redLArrow</label>
<path>redLArrow.bmp</path>
<compression>None</compression>
</Bitmap_Resource>
<Bitmap_Resource>
<label>redRArrow</label>
<path>redRArrow.bmp</path>
<compression>None</compression>
</Bitmap_Resource>
</Bitmaps>
</Graphics_Resource_Converter>
