<?xml version="1.0" encoding="ISO-8859-1"?>
<Graphics_Resource_Converter>
<Configuration>
<major>3</major>
<minor>11</minor>
<compiler>C30</compiler>
<format>HEX</format>
<graphics_module>false</graphics_module>
<graphics_model>16 bpp</graphics_model>
</Configuration>
<Bitmaps>
<Bitmap_Resource>
<label>DateAndTime_4bpp_72x72</label>
<path>DateAndTime_4bpp_72x72.bmp</path>
<compression>None</compression>
</Bitmap_Resource>
<Bitmap_Resource>
<label>DateAndTime_mono_72x72</label>
<path>DateAndTime_mono_72x72.bmp</path>
<compression>None</compression>
</Bitmap_Resource>
<Bitmap_Resource>
<label>DrawingScreen_4bpp_72x72</label>
<path>DrawingScreen_4bpp_72x72.bmp</path>
<compression>None</compression>
</Bitmap_Resource>
<Bitmap_Resource>
<label>DrawingScreen_mono_72x72</label>
<path>DrawingScreen_mono_72x72.bmp</path>
<compression>None</compression>
</Bitmap_Resource>
<Bitmap_Resource>
<label>ECG_4bpp_72x72</label>
<path>ECG_4bpp_72x72.bmp</path>
<compression>None</compression>
</Bitmap_Resource>
<Bitmap_Resource>
<label>ECG_mono_72x72</label>
<path>ECG_mono_72x72.bmp</path>
<compression>None</compression>
</Bitmap_Resource>
<Bitmap_Resource>
<label>FolderPhoto_4bpp_72x72</label>
<path>FolderPhoto_4bpp_72x72.bmp</path>
<compression>None</compression>
</Bitmap_Resource>
<Bitmap_Resource>
<label>FolderPhoto_mono_72x72</label>
<path>FolderPhoto_mono_72x72.bmp</path>
<compression>None</compression>
</Bitmap_Resource>
<Bitmap_Resource>
<label>intro</label>
<path>intro.bmp</path>
<compression>None</compression>
</Bitmap_Resource>
<Bitmap_Resource>
<label>Language_4bpp_72x72</label>
<path>Language_4bpp_72x72.bmp</path>
<compression>None</compression>
</Bitmap_Resource>
<Bitmap_Resource>
<label>Language_mono_72x72</label>
<path>Language_mono_72x72.bmp</path>
<compression>None</compression>
</Bitmap_Resource>
<Bitmap_Resource>
<label>PCGaming2_4bpp_72x72</label>
<path>PCGaming2_4bpp_72x72.bmp</path>
<compression>None</compression>
</Bitmap_Resource>
<Bitmap_Resource>
<label>PCGaming2_mono_72x72</label>
<path>PCGaming2_mono_72x72.bmp</path>
<compression>None</compression>
</Bitmap_Resource>
<Bitmap_Resource>
<label>RGBLighting_4bpp_72x72</label>
<path>RGBLighting_4bpp_72x72.bmp</path>
<compression>None</compression>
</Bitmap_Resource>
<Bitmap_Resource>
<label>RGBLighting_mono_72x72</label>
<path>RGBLighting_mono_72x72.bmp</path>
<compression>None</compression>
</Bitmap_Resource>
<Bitmap_Resource>
<label>Animation_4bpp_72x72</label>
<path>Animation_4bpp_72x72.bmp</path>
<compression>None</compression>
</Bitmap_Resource>
<Bitmap_Resource>
<label>Animation_mono_72x72</label>
<path>Animation_mono_72x72.bmp</path>
<compression>None</compression>
</Bitmap_Resource>
<Bitmap_Resource>
<label>rose</label>
<path>rose.bmp</path>
<compression>None</compression>
</Bitmap_Resource>
<Bitmap_Resource>
<label>body</label>
<path>body.bmp</path>
<compression>None</compression>
</Bitmap_Resource>
<Bitmap_Resource>
<label>food</label>
<path>food.bmp</path>
<compression>None</compression>
</Bitmap_Resource>
<Bitmap_Resource>
<label>head</label>
<path>head.bmp</path>
<compression>None</compression>
</Bitmap_Resource>
</Bitmaps>
<Font_Files>
<Font_File_Resource>
<label>BigFonts</label>
<path>../../../Microchip/Graphics/Fonts/gentium/Gentium.ttf</path>
<name>Gentium</name>
<anti_aliasing>1 bit per pixel</anti_aliasing>
<comment_file>../../../Microchip/Graphics/Fonts/gentium/GentiumLicense.txt</comment_file>
<size>49</size>
<height>58</height>
<anti_aliasing>1 bit per pixel</anti_aliasing>
<first_character>32</first_character>
<last_character>58</last_character>
<font_filter>None</font_filter>
</Font_File_Resource>
</Font_Files>
</Graphics_Resource_Converter>
