<?xml version="1.0" encoding="ISO-8859-1"?>
<Graphics_Resource_Converter>
<Configuration>
<major>3</major>
<minor>11</minor>
<compiler>C30</compiler>
<format>CArray</format>
<graphics_module>false</graphics_module>
<graphics_model>16 bpp</graphics_model>
</Configuration>
<Bitmaps>
<Bitmap_Resource>
<label>Engine1</label>
<path>Engine1.bmp</path>
<compression>None</compression>
</Bitmap_Resource>
<Bitmap_Resource>
<label>Engine2</label>
<path>Engine2.bmp</path>
<compression>None</compression>
</Bitmap_Resource>
<Bitmap_Resource>
<label>Engine3</label>
<path>Engine3.bmp</path>
<compression>None</compression>
</Bitmap_Resource>
<Bitmap_Resource>
<label>Engine4</label>
<path>Engine4.bmp</path>
<compression>None</compression>
</Bitmap_Resource>
<Bitmap_Resource>
<label>mchpLogo</label>
<path>mchpLogo.bmp</path>
<compression>None</compression>
</Bitmap_Resource>
<Bitmap_Resource>
<label>mchpIcon0</label>
<path>mchpIcon0.bmp</path>
<compression>None</compression>
</Bitmap_Resource>
<Bitmap_Resource>
<label>JpegIcon</label>
<path>JpegIcon.bmp</path>
<compression>None</compression>
</Bitmap_Resource>
<Bitmap_Resource>
<label>BitmapIcon</label>
<path>BitmapIcon.bmp</path>
<compression>None</compression>
</Bitmap_Resource>
<Bitmap_Resource>
<label>FolderIcon</label>
<path>FolderIcon.bmp</path>
<compression>None</compression>
</Bitmap_Resource>
</Bitmaps>
<Font_Files>
<Font_File_Resource>
<label>JapaneseFont</label>
<path>../../../Microchip/Graphics/Fonts/firefly/fireflysung.ttf</path>
<name>AR PL New Sung</name>
<anti_aliasing>1 bit per pixel</anti_aliasing>
<comment_file>../../../Microchip/Graphics/Fonts/firefly/FireflysungLicense.txt</comment_file>
<size>22</size>
<height>25</height>
<anti_aliasing>1 bit per pixel</anti_aliasing>
<first_character>33</first_character>
<last_character>12435</last_character>
<font_filter>FontFilter/HWJapanese.txt</font_filter>
</Font_File_Resource>
<Font_File_Resource>
<label>ChineseFont</label>
<path>../../../Microchip/Graphics/Fonts/firefly/fireflysung.ttf</path>
<name>AR PL New Sung</name>
<anti_aliasing>1 bit per pixel</anti_aliasing>
<comment_file>../../../Microchip/Graphics/Fonts/firefly/FireflysungLicense.txt</comment_file>
<size>22</size>
<height>25</height>
<anti_aliasing>1 bit per pixel</anti_aliasing>
<first_character>33</first_character>
<last_character>30028</last_character>
<font_filter>FontFilter/HWChinese.txt</font_filter>
</Font_File_Resource>
<Font_File_Resource>
<label>KoreanFont</label>
<path>../../../Microchip/Graphics/Fonts/unbatang/UnBatang_0613.ttf</path>
<name>UnBatang</name>
<anti_aliasing>1 bit per pixel</anti_aliasing>
<comment_file>../../../Microchip/Graphics/Fonts/unbatang/UnbatangGNULicense.txt</comment_file>
<size>20</size>
<height>25</height>
<anti_aliasing>1 bit per pixel</anti_aliasing>
<first_character>33</first_character>
<last_character>54616</last_character>
<font_filter>FontFilter/HWKorean.txt</font_filter>
</Font_File_Resource>
<Font_File_Resource>
<label>RussianFont</label>
<path>../../../Microchip/Graphics/Fonts/unbatang/UnBatang_0613.ttf</path>
<name>UnBatang</name>
<anti_aliasing>1 bit per pixel</anti_aliasing>
<comment_file>../../../Microchip/Graphics/Fonts/unbatang/UnbatangGNULicense.txt</comment_file>
<size>20</size>
<height>25</height>
<anti_aliasing>1 bit per pixel</anti_aliasing>
<first_character>32</first_character>
<last_character>1091</last_character>
<font_filter>FontFilter/HWRussian.txt</font_filter>
</Font_File_Resource>
<Font_File_Resource>
<label>GOLSmallFont</label>
<path>../../../Microchip/Graphics/Fonts/gentium/Gentium.ttf</path>
<name>Gentium</name>
<anti_aliasing>1 bit per pixel</anti_aliasing>
<comment_file>../../../Microchip/Graphics/Fonts/gentium/GentiumLicense.txt</comment_file>
<size>14</size>
<height>17</height>
<anti_aliasing>1 bit per pixel</anti_aliasing>
<first_character>32</first_character>
<last_character>126</last_character>
<font_filter>None</font_filter>
</Font_File_Resource>
<Font_File_Resource>
<label>GOLMediumFont</label>
<path>../../../Microchip/Graphics/Fonts/gentium/Gentium.ttf</path>
<name>Gentium</name>
<anti_aliasing>1 bit per pixel</anti_aliasing>
<comment_file>../../../Microchip/Graphics/Fonts/gentium/GentiumLicense.txt</comment_file>
<size>16</size>
<height>19</height>
<anti_aliasing>1 bit per pixel</anti_aliasing>
<first_character>32</first_character>
<last_character>126</last_character>
<font_filter>None</font_filter>
</Font_File_Resource>
</Font_Files>
</Graphics_Resource_Converter>
