<?xml version="1.0" encoding="UTF-8"?>
<configurationDescriptor version="62">
  <projectmakefile>Makefile</projectmakefile>
  <defaultConf>18</defaultConf>
  <confs>
    <conf name="PIC24_GB210_GFXv3_EX16_8PMP_QVGAv1_UART" type="2">
      <platformToolSN></platformToolSN>
      <languageToolchainDir></languageToolchainDir>
      <mdbdebugger version="1">
        <placeholder1>place holder 1</placeholder1>
        <placeholder2>place holder 2</placeholder2>
      </mdbdebugger>
      <runprofile version="6">
        <args></args>
        <rundir></rundir>
        <buildfirst>true</buildfirst>
        <console-type>0</console-type>
        <terminal-type>0</terminal-type>
        <remove-instrumentation>0</remove-instrumentation>
        <environment>
        </environment>
      </runprofile>
    </conf>
    <conf name="PIC24_GB210_GFXv3_EX16_16PMP_QVGAv1_UART" type="2">
      <platformToolSN></platformToolSN>
      <languageToolchainDir></languageToolchainDir>
      <mdbdebugger version="1">
        <placeholder1>place holder 1</placeholder1>
        <placeholder2>place holder 2</placeholder2>
      </mdbdebugger>
      <runprofile version="6">
        <args></args>
        <rundir></rundir>
        <buildfirst>true</buildfirst>
        <console-type>0</console-type>
        <terminal-type>0</terminal-type>
        <remove-instrumentation>0</remove-instrumentation>
        <environment>
        </environment>
      </runprofile>
    </conf>
    <conf name="PIC24_GA110_GFXv3_EX16_8PMP_QVGAv1_UART" type="2">
      <platformToolSN></platformToolSN>
      <languageToolchainDir></languageToolchainDir>
      <mdbdebugger version="1">
        <placeholder1>place holder 1</placeholder1>
        <placeholder2>place holder 2</placeholder2>
      </mdbdebugger>
      <runprofile version="6">
        <args></args>
        <rundir></rundir>
        <buildfirst>true</buildfirst>
        <console-type>0</console-type>
        <terminal-type>0</terminal-type>
        <remove-instrumentation>0</remove-instrumentation>
        <environment>
        </environment>
      </runprofile>
    </conf>
    <conf name="PIC24_GB110_GFXv3_EX16_8PMP_QVGAv1_UART" type="2">
      <platformToolSN></platformToolSN>
      <languageToolchainDir>null</languageToolchainDir>
      <mdbdebugger version="1">
        <placeholder1>place holder 1</placeholder1>
        <placeholder2>place holder 2</placeholder2>
      </mdbdebugger>
      <runprofile version="6">
        <args></args>
        <rundir></rundir>
        <buildfirst>true</buildfirst>
        <console-type>0</console-type>
        <terminal-type>0</terminal-type>
        <remove-instrumentation>0</remove-instrumentation>
        <environment>
        </environment>
      </runprofile>
    </conf>
    <conf name="PIC24_GA010_GFXv3_EX16_8PMP_QVGAv1_UART" type="2">
      <platformToolSN></platformToolSN>
      <languageToolchainDir></languageToolchainDir>
      <mdbdebugger version="1">
        <placeholder1>place holder 1</placeholder1>
        <placeholder2>place holder 2</placeholder2>
      </mdbdebugger>
      <runprofile version="6">
        <args></args>
        <rundir></rundir>
        <buildfirst>true</buildfirst>
        <console-type>0</console-type>
        <terminal-type>0</terminal-type>
        <remove-instrumentation>0</remove-instrumentation>
        <environment>
        </environment>
      </runprofile>
    </conf>
    <conf name="PIC24_GB210_GFXv3_EX16_8PMP_WQVGAv1_UART" type="2">
      <platformToolSN></platformToolSN>
      <languageToolchainDir></languageToolchainDir>
      <mdbdebugger version="1">
        <placeholder1>place holder 1</placeholder1>
        <placeholder2>place holder 2</placeholder2>
      </mdbdebugger>
      <runprofile version="6">
        <args></args>
        <rundir></rundir>
        <buildfirst>true</buildfirst>
        <console-type>0</console-type>
        <terminal-type>0</terminal-type>
        <remove-instrumentation>0</remove-instrumentation>
        <environment>
        </environment>
      </runprofile>
    </conf>
    <conf name="PIC24_GB210_GFXv3_EX16_16PMP_WQVGAv1_UART" type="2">
      <platformToolSN></platformToolSN>
      <languageToolchainDir></languageToolchainDir>
      <mdbdebugger version="1">
        <placeholder1>place holder 1</placeholder1>
        <placeholder2>place holder 2</placeholder2>
      </mdbdebugger>
      <runprofile version="6">
        <args></args>
        <rundir></rundir>
        <buildfirst>true</buildfirst>
        <console-type>0</console-type>
        <terminal-type>0</terminal-type>
        <remove-instrumentation>0</remove-instrumentation>
        <environment>
        </environment>
      </runprofile>
    </conf>
    <conf name="PIC24_GA110_GFXv3_EX16_8PMP_WQVGAv1_UART" type="2">
      <platformToolSN></platformToolSN>
      <languageToolchainDir></languageToolchainDir>
      <mdbdebugger version="1">
        <placeholder1>place holder 1</placeholder1>
        <placeholder2>place holder 2</placeholder2>
      </mdbdebugger>
      <runprofile version="6">
        <args></args>
        <rundir></rundir>
        <buildfirst>true</buildfirst>
        <console-type>0</console-type>
        <terminal-type>0</terminal-type>
        <remove-instrumentation>0</remove-instrumentation>
        <environment>
        </environment>
      </runprofile>
    </conf>
    <conf name="PIC24_GB110_GFXv3_EX16_8PMP_WQVGAv1_UART" type="2">
      <platformToolSN></platformToolSN>
      <languageToolchainDir>null</languageToolchainDir>
      <mdbdebugger version="1">
        <placeholder1>place holder 1</placeholder1>
        <placeholder2>place holder 2</placeholder2>
      </mdbdebugger>
      <runprofile version="6">
        <args></args>
        <rundir></rundir>
        <buildfirst>true</buildfirst>
        <console-type>0</console-type>
        <terminal-type>0</terminal-type>
        <remove-instrumentation>0</remove-instrumentation>
        <environment>
        </environment>
      </runprofile>
    </conf>
    <conf name="PIC24_GA010_GFXv3_EX16_8PMP_WQVGAv1_UART" type="2">
      <platformToolSN></platformToolSN>
      <languageToolchainDir></languageToolchainDir>
      <mdbdebugger version="1">
        <placeholder1>place holder 1</placeholder1>
        <placeholder2>place holder 2</placeholder2>
      </mdbdebugger>
      <runprofile version="6">
        <args></args>
        <rundir></rundir>
        <buildfirst>true</buildfirst>
        <console-type>0</console-type>
        <terminal-type>0</terminal-type>
        <remove-instrumentation>0</remove-instrumentation>
        <environment>
        </environment>
      </runprofile>
    </conf>
    <conf name="PIC24_DA210_DEV_16PMP_QVGAv1_USB" type="2">
      <platformToolSN></platformToolSN>
      <languageToolchainDir></languageToolchainDir>
      <mdbdebugger version="1">
        <placeholder1>place holder 1</placeholder1>
        <placeholder2>place holder 2</placeholder2>
      </mdbdebugger>
      <runprofile version="6">
        <args></args>
        <rundir></rundir>
        <buildfirst>true</buildfirst>
        <console-type>0</console-type>
        <terminal-type>0</terminal-type>
        <remove-instrumentation>0</remove-instrumentation>
        <environment>
        </environment>
      </runprofile>
    </conf>
    <conf name="PIC24_DA210_DEV_16PMP_WQVGAv1_USB" type="2">
      <platformToolSN></platformToolSN>
      <languageToolchainDir></languageToolchainDir>
      <mdbdebugger version="1">
        <placeholder1>place holder 1</placeholder1>
        <placeholder2>place holder 2</placeholder2>
      </mdbdebugger>
      <runprofile version="6">
        <args></args>
        <rundir></rundir>
        <buildfirst>true</buildfirst>
        <console-type>0</console-type>
        <terminal-type>0</terminal-type>
        <remove-instrumentation>0</remove-instrumentation>
        <environment>
        </environment>
      </runprofile>
    </conf>
    <conf name="PIC24_GP504_GFXv3_EX16_8PMP_QVGAv1_UART" type="2">
      <platformToolSN></platformToolSN>
      <languageToolchainDir></languageToolchainDir>
      <mdbdebugger version="1">
        <placeholder1>place holder 1</placeholder1>
        <placeholder2>place holder 2</placeholder2>
      </mdbdebugger>
      <runprofile version="6">
        <args></args>
        <rundir></rundir>
        <buildfirst>true</buildfirst>
        <console-type>0</console-type>
        <terminal-type>0</terminal-type>
        <remove-instrumentation>0</remove-instrumentation>
        <environment>
        </environment>
      </runprofile>
    </conf>
    <conf name="PIC24_GP504_GFXv3_EX16_8PMP_WQVGAv1_UART" type="2">
      <platformToolSN></platformToolSN>
      <languageToolchainDir></languageToolchainDir>
      <mdbdebugger version="1">
        <placeholder1>place holder 1</placeholder1>
        <placeholder2>place holder 2</placeholder2>
      </mdbdebugger>
      <runprofile version="6">
        <args></args>
        <rundir></rundir>
        <buildfirst>true</buildfirst>
        <console-type>0</console-type>
        <terminal-type>0</terminal-type>
        <remove-instrumentation>0</remove-instrumentation>
        <environment>
        </environment>
      </runprofile>
    </conf>
    <conf name="dsPIC33F_GP804_GFXv3_EX16_8PMP_QVGAv1_UART" type="2">
      <platformToolSN></platformToolSN>
      <languageToolchainDir></languageToolchainDir>
      <mdbdebugger version="1">
        <placeholder1>place holder 1</placeholder1>
        <placeholder2>place holder 2</placeholder2>
      </mdbdebugger>
      <runprofile version="6">
        <args></args>
        <rundir></rundir>
        <buildfirst>true</buildfirst>
        <console-type>0</console-type>
        <terminal-type>0</terminal-type>
        <remove-instrumentation>0</remove-instrumentation>
        <environment>
        </environment>
      </runprofile>
    </conf>
    <conf name="dsPIC33F_GP804_GFXv3_EX16_8PMP_WQVGAv1_UART" type="2">
      <platformToolSN></platformToolSN>
      <languageToolchainDir></languageToolchainDir>
      <mdbdebugger version="1">
        <placeholder1>place holder 1</placeholder1>
        <placeholder2>place holder 2</placeholder2>
      </mdbdebugger>
      <runprofile version="6">
        <args></args>
        <rundir></rundir>
        <buildfirst>true</buildfirst>
        <console-type>0</console-type>
        <terminal-type>0</terminal-type>
        <remove-instrumentation>0</remove-instrumentation>
        <environment>
        </environment>
      </runprofile>
    </conf>
    <conf name="dsPIC33E_MU810_GFXv3_EX16_8PMP_QVGAv1_UART" type="2">
      <platformToolSN></platformToolSN>
      <languageToolchainDir></languageToolchainDir>
      <mdbdebugger version="1">
        <placeholder1>place holder 1</placeholder1>
        <placeholder2>place holder 2</placeholder2>
      </mdbdebugger>
      <runprofile version="6">
        <args></args>
        <rundir></rundir>
        <buildfirst>true</buildfirst>
        <console-type>0</console-type>
        <terminal-type>0</terminal-type>
        <remove-instrumentation>0</remove-instrumentation>
        <environment>
        </environment>
      </runprofile>
    </conf>
    <conf name="dsPIC33E_MU810_GFXv3_EX16_8PMP_WQVGAv1_UART" type="2">
      <platformToolSN></platformToolSN>
      <languageToolchainDir></languageToolchainDir>
      <mdbdebugger version="1">
        <placeholder1>place holder 1</placeholder1>
        <placeholder2>place holder 2</placeholder2>
      </mdbdebugger>
      <runprofile version="6">
        <args></args>
        <rundir></rundir>
        <buildfirst>true</buildfirst>
        <console-type>0</console-type>
        <terminal-type>0</terminal-type>
        <remove-instrumentation>0</remove-instrumentation>
        <environment>
        </environment>
      </runprofile>
    </conf>
    <conf name="dsPIC33E_MU810_MEB_PIC_SK_8PMP_USB" type="2">
      <platformToolSN>:=MPLABCommUSB:=04D8:=8107:=0002:=Microchip Technology Incorporated:=dsPIC33E USB SK:=BUR112810141:=x:=en</platformToolSN>
      <languageToolchainDir>C:\Program Files (x86)\Microchip\xc16\v1.00\bin</languageToolchainDir>
      <mdbdebugger version="1">
        <placeholder1>place holder 1</placeholder1>
        <placeholder2>place holder 2</placeholder2>
      </mdbdebugger>
      <runprofile version="6">
        <args></args>
        <rundir></rundir>
        <buildfirst>true</buildfirst>
        <console-type>0</console-type>
        <terminal-type>0</terminal-type>
        <remove-instrumentation>0</remove-instrumentation>
        <environment>
        </environment>
      </runprofile>
    </conf>
    <conf name="PIC32_360_GFXv3_EX16_8PMP_QVGAv1_UART" type="2">
      <platformToolSN></platformToolSN>
      <languageToolchainDir></languageToolchainDir>
      <mdbdebugger version="1">
        <placeholder1>place holder 1</placeholder1>
        <placeholder2>place holder 2</placeholder2>
      </mdbdebugger>
      <runprofile version="6">
        <args></args>
        <rundir></rundir>
        <buildfirst>true</buildfirst>
        <console-type>0</console-type>
        <terminal-type>0</terminal-type>
        <remove-instrumentation>0</remove-instrumentation>
        <environment>
        </environment>
      </runprofile>
    </conf>
    <conf name="PIC32_360_GFXv3_EX16_16PMP_QVGAv1_UART" type="2">
      <platformToolSN></platformToolSN>
      <languageToolchainDir></languageToolchainDir>
      <mdbdebugger version="1">
        <placeholder1>place holder 1</placeholder1>
        <placeholder2>place holder 2</placeholder2>
      </mdbdebugger>
      <runprofile version="6">
        <args></args>
        <rundir></rundir>
        <buildfirst>true</buildfirst>
        <console-type>0</console-type>
        <terminal-type>0</terminal-type>
        <remove-instrumentation>0</remove-instrumentation>
        <environment>
        </environment>
      </runprofile>
    </conf>
    <conf name="PIC32_360_GFXv3_EX16_8PMP_WQVGAv1_UART" type="2">
      <platformToolSN></platformToolSN>
      <languageToolchainDir></languageToolchainDir>
      <mdbdebugger version="1">
        <placeholder1>place holder 1</placeholder1>
        <placeholder2>place holder 2</placeholder2>
      </mdbdebugger>
      <runprofile version="6">
        <args></args>
        <rundir></rundir>
        <buildfirst>true</buildfirst>
        <console-type>0</console-type>
        <terminal-type>0</terminal-type>
        <remove-instrumentation>0</remove-instrumentation>
        <environment>
        </environment>
      </runprofile>
    </conf>
    <conf name="PIC32_360_GFXv3_EX16_16PMP_WQVGAv1_UART" type="2">
      <platformToolSN></platformToolSN>
      <languageToolchainDir></languageToolchainDir>
      <mdbdebugger version="1">
        <placeholder1>place holder 1</placeholder1>
        <placeholder2>place holder 2</placeholder2>
      </mdbdebugger>
      <runprofile version="6">
        <args></args>
        <rundir></rundir>
        <buildfirst>true</buildfirst>
        <console-type>0</console-type>
        <terminal-type>0</terminal-type>
        <remove-instrumentation>0</remove-instrumentation>
        <environment>
        </environment>
      </runprofile>
    </conf>
    <conf name="PIC32_795_GFXv3_EX16_8PMP_QVGAv1_UART" type="2">
      <platformToolSN></platformToolSN>
      <languageToolchainDir></languageToolchainDir>
      <mdbdebugger version="1">
        <placeholder1>place holder 1</placeholder1>
        <placeholder2>place holder 2</placeholder2>
      </mdbdebugger>
      <runprofile version="6">
        <args></args>
        <rundir></rundir>
        <buildfirst>true</buildfirst>
        <console-type>0</console-type>
        <terminal-type>0</terminal-type>
        <remove-instrumentation>0</remove-instrumentation>
        <environment>
        </environment>
      </runprofile>
    </conf>
    <conf name="PIC32_795_GFXv3_EX16_16PMP_QVGAv1_UART" type="2">
      <platformToolSN></platformToolSN>
      <languageToolchainDir></languageToolchainDir>
      <mdbdebugger version="1">
        <placeholder1>place holder 1</placeholder1>
        <placeholder2>place holder 2</placeholder2>
      </mdbdebugger>
      <runprofile version="6">
        <args></args>
        <rundir></rundir>
        <buildfirst>true</buildfirst>
        <console-type>0</console-type>
        <terminal-type>0</terminal-type>
        <remove-instrumentation>0</remove-instrumentation>
        <environment>
        </environment>
      </runprofile>
    </conf>
    <conf name="PIC32_795_GFXv3_EX16_8PMP_WQVGAv1_UART" type="2">
      <platformToolSN></platformToolSN>
      <languageToolchainDir></languageToolchainDir>
      <mdbdebugger version="1">
        <placeholder1>place holder 1</placeholder1>
        <placeholder2>place holder 2</placeholder2>
      </mdbdebugger>
      <runprofile version="6">
        <args></args>
        <rundir></rundir>
        <buildfirst>true</buildfirst>
        <console-type>0</console-type>
        <terminal-type>0</terminal-type>
        <remove-instrumentation>0</remove-instrumentation>
        <environment>
        </environment>
      </runprofile>
    </conf>
    <conf name="PIC32_795_GFXv3_EX16_16PMP_WQVGAv1_UART" type="2">
      <platformToolSN></platformToolSN>
      <languageToolchainDir></languageToolchainDir>
      <mdbdebugger version="1">
        <placeholder1>place holder 1</placeholder1>
        <placeholder2>place holder 2</placeholder2>
      </mdbdebugger>
      <runprofile version="6">
        <args></args>
        <rundir></rundir>
        <buildfirst>true</buildfirst>
        <console-type>0</console-type>
        <terminal-type>0</terminal-type>
        <remove-instrumentation>0</remove-instrumentation>
        <environment>
        </environment>
      </runprofile>
    </conf>
    <conf name="PIC_SK_GFXv3_8PMP_QVGAv1_USB" type="2">
      <platformToolSN></platformToolSN>
      <languageToolchainDir></languageToolchainDir>
      <mdbdebugger version="1">
        <placeholder1>place holder 1</placeholder1>
        <placeholder2>place holder 2</placeholder2>
      </mdbdebugger>
      <runprofile version="6">
        <args></args>
        <rundir></rundir>
        <buildfirst>true</buildfirst>
        <console-type>0</console-type>
        <terminal-type>0</terminal-type>
        <remove-instrumentation>0</remove-instrumentation>
        <environment>
        </environment>
      </runprofile>
    </conf>
    <conf name="PIC_SK_GFXv3_16PMP_QVGAv1_USB" type="2">
      <platformToolSN></platformToolSN>
      <languageToolchainDir></languageToolchainDir>
      <mdbdebugger version="1">
        <placeholder1>place holder 1</placeholder1>
        <placeholder2>place holder 2</placeholder2>
      </mdbdebugger>
      <runprofile version="6">
        <args></args>
        <rundir></rundir>
        <buildfirst>true</buildfirst>
        <console-type>0</console-type>
        <terminal-type>0</terminal-type>
        <remove-instrumentation>0</remove-instrumentation>
        <environment>
        </environment>
      </runprofile>
    </conf>
    <conf name="PIC_SK_GFXv3_8PMP_WQVGAv1_USB" type="2">
      <platformToolSN></platformToolSN>
      <languageToolchainDir></languageToolchainDir>
      <mdbdebugger version="1">
        <placeholder1>place holder 1</placeholder1>
        <placeholder2>place holder 2</placeholder2>
      </mdbdebugger>
      <runprofile version="6">
        <args></args>
        <rundir></rundir>
        <buildfirst>true</buildfirst>
        <console-type>0</console-type>
        <terminal-type>0</terminal-type>
        <remove-instrumentation>0</remove-instrumentation>
        <environment>
        </environment>
      </runprofile>
    </conf>
    <conf name="PIC_SK_GFXv3_16PMP_WQVGAv1_USB" type="2">
      <platformToolSN></platformToolSN>
      <languageToolchainDir></languageToolchainDir>
      <mdbdebugger version="1">
        <placeholder1>place holder 1</placeholder1>
        <placeholder2>place holder 2</placeholder2>
      </mdbdebugger>
      <runprofile version="6">
        <args></args>
        <rundir></rundir>
        <buildfirst>true</buildfirst>
        <console-type>0</console-type>
        <terminal-type>0</terminal-type>
        <remove-instrumentation>0</remove-instrumentation>
        <environment>
        </environment>
      </runprofile>
    </conf>
    <conf name="PIC32_USB_SK_MEB_8PMP_USB" type="2">
      <platformToolSN></platformToolSN>
      <languageToolchainDir></languageToolchainDir>
      <mdbdebugger version="1">
        <placeholder1>place holder 1</placeholder1>
        <placeholder2>place holder 2</placeholder2>
      </mdbdebugger>
      <runprofile version="6">
        <args></args>
        <rundir></rundir>
        <buildfirst>true</buildfirst>
        <console-type>0</console-type>
        <terminal-type>0</terminal-type>
        <remove-instrumentation>0</remove-instrumentation>
        <environment>
        </environment>
      </runprofile>
    </conf>
    <conf name="PIC32_USB_SK_MEB_16PMP_USB" type="2">
      <platformToolSN></platformToolSN>
      <languageToolchainDir></languageToolchainDir>
      <mdbdebugger version="1">
        <placeholder1>place holder 1</placeholder1>
        <placeholder2>place holder 2</placeholder2>
      </mdbdebugger>
      <runprofile version="6">
        <args></args>
        <rundir></rundir>
        <buildfirst>true</buildfirst>
        <console-type>0</console-type>
        <terminal-type>0</terminal-type>
        <remove-instrumentation>0</remove-instrumentation>
        <environment>
        </environment>
      </runprofile>
    </conf>
    <conf name="PIC32_ETH_SK_MEB_8PMP_USB" type="2">
      <platformToolSN></platformToolSN>
      <languageToolchainDir></languageToolchainDir>
      <mdbdebugger version="1">
        <placeholder1>place holder 1</placeholder1>
        <placeholder2>place holder 2</placeholder2>
      </mdbdebugger>
      <runprofile version="6">
        <args></args>
        <rundir></rundir>
        <buildfirst>true</buildfirst>
        <console-type>0</console-type>
        <terminal-type>0</terminal-type>
        <remove-instrumentation>0</remove-instrumentation>
        <environment>
        </environment>
      </runprofile>
    </conf>
    <conf name="PIC32_ETH_SK_MEB_16PMP_USB" type="2">
      <platformToolSN></platformToolSN>
      <languageToolchainDir></languageToolchainDir>
      <mdbdebugger version="1">
        <placeholder1>place holder 1</placeholder1>
        <placeholder2>place holder 2</placeholder2>
      </mdbdebugger>
      <runprofile version="6">
        <args></args>
        <rundir></rundir>
        <buildfirst>true</buildfirst>
        <console-type>0</console-type>
        <terminal-type>0</terminal-type>
        <remove-instrumentation>0</remove-instrumentation>
        <environment>
        </environment>
      </runprofile>
    </conf>
  </confs>
</configurationDescriptor>
