<?xml version="1.0" encoding="UTF-8"?>
<configurationDescriptor version="62">
  <projectmakefile>Makefile</projectmakefile>
  <defaultConf>2</defaultConf>
  <confs>
    <conf name="PIC24_GA010_EPDv1_EX16_SPI" type="2">
      <platformToolSN></platformToolSN>
      <languageToolchainDir>C:\Program Files\Microchip\xc16\v1.00\bin</languageToolchainDir>
      <mdbdebugger version="1">
        <placeholder1>place holder 1</placeholder1>
        <placeholder2>place holder 2</placeholder2>
      </mdbdebugger>
      <runprofile version="6">
        <args></args>
        <rundir></rundir>
        <buildfirst>true</buildfirst>
        <console-type>0</console-type>
        <terminal-type>0</terminal-type>
        <remove-instrumentation>0</remove-instrumentation>
        <environment>
        </environment>
      </runprofile>
    </conf>
    <conf name="PIC24_GA010_EPDv1_EX16_8PMP" type="2">
      <platformToolSN></platformToolSN>
      <languageToolchainDir>C:\Program Files\Microchip\xc16\v1.00\bin</languageToolchainDir>
      <mdbdebugger version="1">
        <placeholder1>place holder 1</placeholder1>
        <placeholder2>place holder 2</placeholder2>
      </mdbdebugger>
      <runprofile version="6">
        <args></args>
        <rundir></rundir>
        <buildfirst>true</buildfirst>
        <console-type>0</console-type>
        <terminal-type>0</terminal-type>
        <remove-instrumentation>0</remove-instrumentation>
        <environment>
        </environment>
      </runprofile>
    </conf>
    <conf name="PIC24_GB210_EPDv1_EX16_16PMP" type="2">
      <platformToolSN></platformToolSN>
      <languageToolchainDir>C:\Program Files\Microchip\xc16\v1.00\bin</languageToolchainDir>
      <mdbdebugger version="1">
        <placeholder1>place holder 1</placeholder1>
        <placeholder2>place holder 2</placeholder2>
      </mdbdebugger>
      <runprofile version="6">
        <args></args>
        <rundir></rundir>
        <buildfirst>true</buildfirst>
        <console-type>0</console-type>
        <terminal-type>0</terminal-type>
        <remove-instrumentation>0</remove-instrumentation>
        <environment>
        </environment>
      </runprofile>
    </conf>
    <conf name="PIC32_MX795_EPDv1_EX16_8PMP" type="2">
      <platformToolSN></platformToolSN>
      <languageToolchainDir>C:\Program Files\Microchip\xc32\v1.00\bin</languageToolchainDir>
      <mdbdebugger version="1">
        <placeholder1>place holder 1</placeholder1>
        <placeholder2>place holder 2</placeholder2>
      </mdbdebugger>
      <runprofile version="6">
        <args></args>
        <rundir></rundir>
        <buildfirst>true</buildfirst>
        <console-type>0</console-type>
        <terminal-type>0</terminal-type>
        <remove-instrumentation>0</remove-instrumentation>
        <environment>
        </environment>
      </runprofile>
    </conf>
    <conf name="PIC32_MX795_EPDv1_EX16_16PMP" type="2">
      <platformToolSN></platformToolSN>
      <languageToolchainDir>C:\Program Files\Microchip\xc32\v1.00\bin</languageToolchainDir>
      <mdbdebugger version="1">
        <placeholder1>place holder 1</placeholder1>
        <placeholder2>place holder 2</placeholder2>
      </mdbdebugger>
      <runprofile version="6">
        <args></args>
        <rundir></rundir>
        <buildfirst>true</buildfirst>
        <console-type>0</console-type>
        <terminal-type>0</terminal-type>
        <remove-instrumentation>0</remove-instrumentation>
        <environment>
        </environment>
      </runprofile>
    </conf>
  </confs>
</configurationDescriptor>
