<?xml version="1.0" encoding="ISO-8859-1"?>
<Graphics_Resource_Converter>
<Configuration>
<major>3</major>
<minor>15</minor>
<compiler>C30</compiler>
<format>CArray</format>
<graphics_module>false</graphics_module>
<graphics_model>16 bpp</graphics_model>
</Configuration>
<Font_Files>
<Font_File_Resource>
<label>RussianFont</label>
<path>../../../../../Microchip/Graphics/Fonts/unbatang/UnBatang_0613.ttf</path>
<name>UnBatang</name>
<size>20</size>
<height>25</height>
<anti_aliasing>1 bit per pixel</anti_aliasing>
<comment_file>../../../../../Microchip/Graphics/Fonts/unbatang/UnbatangGNULicense.txt</comment_file>
<first_character>32</first_character>
<last_character>1091</last_character>
<font_filter>HWRussian.txt</font_filter>
</Font_File_Resource>
<Font_File_Resource>
<label>ChineseFont</label>
<path>../../../../../Microchip/Graphics/Fonts/firefly/fireflysung.ttf</path>
<name>AR PL New Sung</name>
<size>20</size>
<height>22</height>
<bold>true</bold>
<anti_aliasing>1 bit per pixel</anti_aliasing>
<comment_file>../../../../../Microchip/Graphics/Fonts/firefly/FireflysungLicense.txt</comment_file>
<first_character>33</first_character>
<last_character>30028</last_character>
<font_filter>HWChinese.txt</font_filter>
</Font_File_Resource>
<Font_File_Resource>
<label>JapaneseFont</label>
<path>../../../../../Microchip/Graphics/Fonts/firefly/fireflysung.ttf</path>
<name>AR PL New Sung</name>
<size>22</size>
<height>25</height>
<bold>true</bold>
<anti_aliasing>1 bit per pixel</anti_aliasing>
<comment_file>../../../../../Microchip/Graphics/Fonts/firefly/FireflysungLicense.txt</comment_file>
<first_character>33</first_character>
<last_character>12435</last_character>
<font_filter>HWJapanese.txt</font_filter>
</Font_File_Resource>
<Font_File_Resource>
<label>KoreanFont</label>
<path>../../../../../Microchip/Graphics/Fonts/UnBatang/unbatang_0613.ttf</path>
<name>UnBatang</name>
<size>18</size>
<height>23</height>
<bold>true</bold>
<anti_aliasing>1 bit per pixel</anti_aliasing>
<comment_file>../../../../../Microchip/Graphics/Fonts/unbatang/UnbatangGNULicense.txt</comment_file>
<first_character>33</first_character>
<last_character>54616</last_character>
<font_filter>HWKorean.txt</font_filter>
</Font_File_Resource>
<Font_File_Resource>
<label>HindiFont</label>
<path>../../../../../Microchip/Graphics/Fonts/jaipur/JAIPUR__.TTF</path>
<name>Jaipur</name>
<size>26</size>
<height>31</height>
<extended_glyph>true</extended_glyph>
<anti_aliasing>1 bit per pixel</anti_aliasing>
<first_character>32</first_character>
<last_character>229</last_character>
<font_filter>HWHindi.txt</font_filter>
</Font_File_Resource>
<Font_File_Resource>
<label>ThaiFont</label>
<path>../../../../../Microchip/Graphics/Fonts/db/dbtt.ttf</path>
<name>DB ThaiText</name>
<size>48</size>
<height>29</height>
<extended_glyph>true</extended_glyph>
<anti_aliasing>1 bit per pixel</anti_aliasing>
<first_character>33</first_character>
<last_character>226</last_character>
<font_filter>HWThai.txt</font_filter>
</Font_File_Resource>
</Font_Files>
</Graphics_Resource_Converter>
