<?xml version="1.0" encoding="UTF-8"?>
<configurationDescriptor version="62">
  <logicalFolder name="root" displayName="root" projectFiles="true">
    <logicalFolder name="HeaderFiles"
                   displayName="Header Files"
                   projectFiles="true">
      <logicalFolder name="Board Support Package"
                     displayName="Board Support Package"
                     projectFiles="true">
        <itemPath>../../../Board Support Package/drv_spi.h</itemPath>
        <itemPath>../../../Board Support Package/SST25VF064.h</itemPath>
        <itemPath>../../../Board Support Package/SST25VF016.h</itemPath>
        <itemPath>../../../Board Support Package/SST39LF400.h</itemPath>
        <itemPath>../../../Board Support Package/SST39VF040.h</itemPath>
      </logicalFolder>
      <logicalFolder name="Common" displayName="Common" projectFiles="true">
        <itemPath>../../../Microchip/Include/TimeDelay.h</itemPath>
        <itemPath>../../../Microchip/Include/GenericTypeDefs.h</itemPath>
        <itemPath>../../../Microchip/Include/Compiler.h</itemPath>
      </logicalFolder>
      <logicalFolder name="Config" displayName="Config" projectFiles="true">
        <itemPath>../Configs/HWP_EPD_EX16_SPI_QVGAv1.h</itemPath>
        <itemPath>../Configs/HWP_EPD_EX16_8PMP_QVGAv1.h</itemPath>
        <itemPath>../Configs/HWP_EPD_EX16_16PMP_QVGAv1.h</itemPath>
      </logicalFolder>
      <logicalFolder name="Graphics" displayName="Graphics" projectFiles="true">
        <logicalFolder name="f1" displayName="Driver" projectFiles="true">
          <itemPath>../../../Microchip/Include/Graphics/S1D13522.h</itemPath>
          <itemPath>../../../Microchip/Include/Graphics/DisplayDriver.h</itemPath>
          <itemPath>../../../Microchip/Include/Graphics/DisplayDriverInterface.h</itemPath>
          <itemPath>../../../Microchip/Include/Graphics/CustomDisplayDriver.h</itemPath>
          <itemPath>../../../Microchip/Include/Graphics/HIT1270.h</itemPath>
          <itemPath>../../../Microchip/Include/Graphics/HX8347.h</itemPath>
          <itemPath>../../../Microchip/Include/Graphics/mchpGfxDrv.h</itemPath>
          <itemPath>../../../Microchip/Include/Graphics/mchpGfxLCC.h</itemPath>
          <itemPath>../../../Microchip/Include/Graphics/SH1101A_SSD1303.h</itemPath>
          <itemPath>../../../Microchip/Include/Graphics/SSD1305.h</itemPath>
          <itemPath>../../../Microchip/Include/Graphics/SSD1339.h</itemPath>
          <itemPath>../../../Microchip/Include/Graphics/SSD1926.h</itemPath>
          <itemPath>../../../Microchip/Include/Graphics/ST7529.h</itemPath>
          <itemPath>../../../Microchip/Include/Graphics/UC1610.h</itemPath>
          <itemPath>../../../Microchip/Include/Graphics/drvTFT002.h</itemPath>
          <itemPath>../../../Microchip/Include/Graphics/drvTFT001.h</itemPath>
          <itemPath>../../../Microchip/Include/Graphics/S1D13517.h</itemPath>
        </logicalFolder>
        <logicalFolder name="f2" displayName="Widgets" projectFiles="true">
          <itemPath>../../../Microchip/Include/Graphics/Button.h</itemPath>
          <itemPath>../../../Microchip/Include/Graphics/Slider.h</itemPath>
          <itemPath>../../../Microchip/Include/Graphics/StaticText.h</itemPath>
          <itemPath>../../../Microchip/Include/Graphics/Window.h</itemPath>
          <itemPath>../../../Microchip/Include/Graphics/CheckBox.h</itemPath>
          <itemPath>../../../Microchip/Include/Graphics/EditBox.h</itemPath>
          <itemPath>../../../Microchip/Include/Graphics/ListBox.h</itemPath>
          <itemPath>../../../Microchip/Include/Graphics/RadioButton.h</itemPath>
          <itemPath>../../../Microchip/Include/Graphics/AnalogClock.h</itemPath>
          <itemPath>../../../Microchip/Include/Graphics/Chart.h</itemPath>
          <itemPath>../../../Microchip/Include/Graphics/DigitalMeter.h</itemPath>
          <itemPath>../../../Microchip/Include/Graphics/Grid.h</itemPath>
          <itemPath>../../../Microchip/Include/Graphics/GroupBox.h</itemPath>
          <itemPath>../../../Microchip/Include/Graphics/Meter.h</itemPath>
          <itemPath>../../../Microchip/Include/Graphics/Picture.h</itemPath>
          <itemPath>../../../Microchip/Include/Graphics/ProgressBar.h</itemPath>
          <itemPath>../../../Microchip/Include/Graphics/RoundDial.h</itemPath>
          <itemPath>../../../Microchip/Include/Graphics/ScanCodes.h</itemPath>
          <itemPath>../../../Microchip/Include/Graphics/Template.h</itemPath>
          <itemPath>../../../Microchip/Include/Graphics/TextEntry.h</itemPath>
        </logicalFolder>
        <itemPath>../../../Microchip/Include/Graphics/Graphics.h</itemPath>
        <itemPath>../../../Microchip/Include/Graphics/Primitive.h</itemPath>
        <itemPath>../../../Microchip/Include/Graphics/GOL.h</itemPath>
        <itemPath>../../../Microchip/Include/Graphics/gfxepmp.h</itemPath>
        <itemPath>../../../Microchip/Include/Graphics/gfxpmp.h</itemPath>
        <itemPath>../../../Microchip/Include/Graphics/gfxtcon.h</itemPath>
        <itemPath>../../../Microchip/Include/Graphics/gfxcolors.h</itemPath>
        <itemPath>../../../Microchip/Include/Graphics/Palette.h</itemPath>
        <itemPath>../../../Microchip/Include/Graphics/Transitions.h</itemPath>
      </logicalFolder>
      <logicalFolder name="Memory Programmer"
                     displayName="Memory Programmer"
                     projectFiles="true">
        <itemPath>../../Common/FlashProgrammer.h</itemPath>
        <itemPath>../../Common/comm_pkt.h</itemPath>
        <itemPath>../../Common/comm_pkt_callback.h</itemPath>
        <itemPath>../../Common/ExternalMemory.h</itemPath>
      </logicalFolder>
      <logicalFolder name="Resources" displayName="Resources" projectFiles="true">
        <itemPath>../external_images.h</itemPath>
        <itemPath>../gfx_font_resources.h</itemPath>
        <itemPath>../gfx_font_resources_XC16.h</itemPath>
        <itemPath>../gfx_font_resources_XC32.h</itemPath>
      </logicalFolder>
      <logicalFolder name="Screens" displayName="Screens" projectFiles="true">
        <itemPath>../screens.h</itemPath>
        <itemPath>../ListBox_screen.h</itemPath>
        <itemPath>../ID.h</itemPath>
        <itemPath>../pip_screen.h</itemPath>
      </logicalFolder>
      <itemPath>../HardwareProfile.h</itemPath>
      <itemPath>../MainDemo.h</itemPath>
      <itemPath>../GraphicsConfig.h</itemPath>
      <itemPath>../gfx_schemes.h</itemPath>
      <itemPath>../UART.h</itemPath>
    </logicalFolder>
    <logicalFolder name="LinkerScript"
                   displayName="Linker Files"
                   projectFiles="true">
    </logicalFolder>
    <logicalFolder name="SourceFiles"
                   displayName="Source Files"
                   projectFiles="true">
      <logicalFolder name="Board Support Package"
                     displayName="Board Support Package"
                     projectFiles="true">
        <itemPath>../../../Board Support Package/drv_spi.c</itemPath>
        <itemPath>../../../Board Support Package/SST25VF064.c</itemPath>
      </logicalFolder>
      <logicalFolder name="Common" displayName="Common" projectFiles="true">
        <itemPath>../../../Microchip/Common/TimeDelay.c</itemPath>
      </logicalFolder>
      <logicalFolder name="Graphics" displayName="Graphics" projectFiles="true">
        <logicalFolder name="f1" displayName="Driver" projectFiles="true">
          <itemPath>../../../Microchip/Graphics/Drivers/S1D13522.c</itemPath>
        </logicalFolder>
        <logicalFolder name="f2" displayName="Widgets" projectFiles="true">
          <itemPath>../../../Microchip/Graphics/Button.c</itemPath>
          <itemPath>../../../Microchip/Graphics/Slider.c</itemPath>
          <itemPath>../../../Microchip/Graphics/Window.c</itemPath>
          <itemPath>../../../Microchip/Graphics/StaticText.c</itemPath>
          <itemPath>../../../Microchip/Graphics/CheckBox.c</itemPath>
          <itemPath>../../../Microchip/Graphics/EditBox.c</itemPath>
          <itemPath>../../../Microchip/Graphics/RadioButton.c</itemPath>
          <itemPath>../../../Microchip/Graphics/Chart.c</itemPath>
          <itemPath>../../../Microchip/Graphics/ListBox.c</itemPath>
          <itemPath>../../../Microchip/Graphics/ProgressBar.c</itemPath>
          <itemPath>../../../Microchip/Graphics/Meter.c</itemPath>
          <itemPath>../../../Microchip/Graphics/GroupBox.c</itemPath>
          <itemPath>../../../Microchip/Graphics/DigitalMeter.c</itemPath>
          <itemPath>../../../Microchip/Graphics/RoundDial.c</itemPath>
        </logicalFolder>
        <itemPath>../../../Microchip/Graphics/Primitive.c</itemPath>
        <itemPath>../../../Microchip/Graphics/GOL.c</itemPath>
        <itemPath>../../../Microchip/Graphics/GOLSchemeDefault.c</itemPath>
        <itemPath>../../../Microchip/Graphics/GOLFontDefault.c</itemPath>
        <itemPath>../../../Microchip/Graphics/Drivers/gfxepmp.c</itemPath>
      </logicalFolder>
      <logicalFolder name="Memory Programmer"
                     displayName="Memory Programmer"
                     projectFiles="true">
        <itemPath>../../Common/FlashProgrammer.c</itemPath>
        <itemPath>../../Common/comm_pkt.c</itemPath>
        <itemPath>../../Common/comm_pkt_callback.c</itemPath>
      </logicalFolder>
      <logicalFolder name="Resources" displayName="Resources" projectFiles="true">
        <itemPath>../external_images.c</itemPath>
        <itemPath>../gfx_font_resources_XC16.c</itemPath>
        <itemPath>../gfx_font_resources_XC32.c</itemPath>
      </logicalFolder>
      <logicalFolder name="Screens" displayName="Screens" projectFiles="true">
        <itemPath>../chart_screen.c</itemPath>
        <itemPath>../ekg_screen.c</itemPath>
        <itemPath>../font_screen.c</itemPath>
        <itemPath>../foreign_font_screen.c</itemPath>
        <itemPath>../intro_screen.c</itemPath>
        <itemPath>../picture_screen.c</itemPath>
        <itemPath>../widget_screen.c</itemPath>
        <itemPath>../ListBox_screen.c</itemPath>
        <itemPath>../qr_screen.c</itemPath>
        <itemPath>../pip_screen.c</itemPath>
      </logicalFolder>
      <itemPath>../MainDemo.c</itemPath>
      <itemPath>../gol_callbacks.c</itemPath>
      <itemPath>../gfx_schemes.c</itemPath>
      <itemPath>../tick.c</itemPath>
      <itemPath>../UART.c</itemPath>
    </logicalFolder>
    <logicalFolder name="ExternalFiles"
                   displayName="Important Files"
                   projectFiles="false">
      <itemPath>Makefile</itemPath>
    </logicalFolder>
  </logicalFolder>
  <sourceRootList>
    <Elem>../</Elem>
  </sourceRootList>
  <projectmakefile>Makefile</projectmakefile>
  <confs>
    <conf name="PIC24_GA010_EPDv1_EX16_SPI" type="2">
      <toolsSet>
        <developmentServer>localhost</developmentServer>
        <targetDevice>PIC24FJ128GA010</targetDevice>
        <targetHeader></targetHeader>
        <platformTool>ICD3PlatformTool</platformTool>
        <languageToolchain>XC16</languageToolchain>
        <languageToolchainVersion>1.00</languageToolchainVersion>
        <platform>3</platform>
      </toolsSet>
      <compileType>
        <linkerTool>
          <linkerLibItems>
          </linkerLibItems>
        </linkerTool>
        <loading>
          <useAlternateLoadableFile>false</useAlternateLoadableFile>
          <alternateLoadableFile></alternateLoadableFile>
        </loading>
      </compileType>
      <makeCustomizationType>
        <makeCustomizationPreStepEnabled>false</makeCustomizationPreStepEnabled>
        <makeCustomizationPreStep></makeCustomizationPreStep>
        <makeCustomizationPostStepEnabled>false</makeCustomizationPostStepEnabled>
        <makeCustomizationPostStep></makeCustomizationPostStep>
        <makeCustomizationPutChecksumInUserID>false</makeCustomizationPutChecksumInUserID>
        <makeCustomizationEnableLongLines>false</makeCustomizationEnableLongLines>
        <makeCustomizationNormalizeHexFile>false</makeCustomizationNormalizeHexFile>
      </makeCustomizationType>
      <item path="../gfx_font_resources_XC32.c" ex="true" overriding="false">
        <C30>
        </C30>
        <C30-AS>
        </C30-AS>
        <C30-LD>
        </C30-LD>
        <C30Global>
        </C30Global>
      </item>
      <C30>
        <property key="code-model" value="large-code"/>
        <property key="const-model" value="default"/>
        <property key="data-model" value="default"/>
        <property key="enable-all-warnings" value="true"/>
        <property key="enable-ansi-std" value="false"/>
        <property key="enable-ansi-warnings" value="false"/>
        <property key="enable-fatal-warnings" value="false"/>
        <property key="enable-large-arrays" value="false"/>
        <property key="enable-omit-frame-pointer" value="false"/>
        <property key="enable-procedural-abstraction" value="false"/>
        <property key="enable-short-double" value="false"/>
        <property key="enable-symbols" value="true"/>
        <property key="enable-unroll-loops" value="false"/>
        <property key="extra-include-directories"
                  value="..;../../Common;../../../Microchip/Include;../../../Board Support Package;../../../Microchip/Include/Graphics;../Configs"/>
        <property key="isolate-each-function" value="false"/>
        <property key="oXC16gcc-align-arr" value="false"/>
        <property key="oXC16gcc-cnsts-mauxflash" value="false"/>
        <property key="oXC16gcc-data-sects" value="false"/>
        <property key="oXC16gcc-errata" value=""/>
        <property key="oXC16gcc-fillupper" value=""/>
        <property key="oXC16gcc-large-aggregate" value="false"/>
        <property key="oXC16gcc-mauxflash" value="false"/>
        <property key="oXC16gcc-mpa-lvl" value=""/>
        <property key="oXC16gcc-name-text-sec" value=""/>
        <property key="oXC16gcc-near-chars" value="false"/>
        <property key="oXC16gcc-no-isr-warn" value="false"/>
        <property key="oXC16gcc-sfr-warn" value="false"/>
        <property key="oXC16gcc-smar-io-lvl" value="1"/>
        <property key="oXC16gcc-smart-io-fmt" value=""/>
        <property key="optimization-level" value="s"/>
        <property key="post-instruction-scheduling" value="default"/>
        <property key="pre-instruction-scheduling" value="default"/>
        <property key="preprocessor-macros"
                  value="CFG_INCLUDE_MPLAB_X;CFG_INCLUDE_EPD_SPI"/>
        <property key="scalar-model" value="default"/>
        <appendMe value="-fno-ivopts"/>
      </C30>
      <C30-AS>
        <property key="assembler-symbols" value=""/>
        <property key="expand-macros" value="false"/>
        <property key="extra-include-directories-for-assembler" value="..;"/>
        <property key="extra-include-directories-for-preprocessor" value=""/>
        <property key="false-conditionals" value="false"/>
        <property key="keep-locals" value="false"/>
        <property key="list-assembly" value="false"/>
        <property key="list-section-info" value="false"/>
        <property key="list-source" value="false"/>
        <property key="list-symbols" value="false"/>
        <property key="oXC16asm-extra-opts" value=""/>
        <property key="omit-debug-dirs" value="false"/>
        <property key="omit-forms" value="false"/>
        <property key="preprocessor-macros" value=""/>
        <property key="relax" value="false"/>
        <property key="warning-level" value="emit-warnings"/>
        <appendMe value="-g"/>
      </C30-AS>
      <C30-LD>
        <property key="boot-eeprom" value="no_eeprom"/>
        <property key="boot-flash" value="no_flash"/>
        <property key="boot-ram" value="no_ram"/>
        <property key="boot-write-protect" value="no_write_protect"/>
        <property key="enable-check-sections" value="false"/>
        <property key="enable-data-init" value="true"/>
        <property key="enable-default-isr" value="true"/>
        <property key="enable-handles" value="true"/>
        <property key="enable-pack-data" value="true"/>
        <property key="extra-lib-directories" value="..;"/>
        <property key="general-code-protect" value="no_code_protect"/>
        <property key="general-write-protect" value="no_write_protect"/>
        <property key="generate-cross-reference-file" value="false"/>
        <property key="heap-size" value="2834"/>
        <property key="input-libraries" value=""/>
        <property key="linker-symbols" value=""/>
        <property key="map-file" value="&quot;${DISTDIR}/MPLAB.X.${IMAGE_TYPE}.map&quot;"/>
        <property key="oXC16ld-extra-opts" value=""/>
        <property key="oXC16ld-fill-upper" value="0"/>
        <property key="oXC16ld-force-link" value="false"/>
        <property key="oXC16ld-no-smart-io" value="false"/>
        <property key="oXC16ld-nostdlib" value="false"/>
        <property key="oXC16ld-stackguard" value="16"/>
        <property key="preprocessor-macros" value=""/>
        <property key="remove-unused-sections" value="false"/>
        <property key="report-memory-usage" value="true"/>
        <property key="secure-eeprom" value="no_eeprom"/>
        <property key="secure-flash" value="no_flash"/>
        <property key="secure-ram" value="no_ram"/>
        <property key="secure-write-protect" value="no_write_protect"/>
        <property key="stack-size" value="16"/>
        <property key="symbol-stripping" value=""/>
        <property key="trace-symbols" value=""/>
        <property key="warn-section-align" value="false"/>
      </C30-LD>
      <C30Global>
        <property key="fast-math" value="false"/>
        <property key="generic-16-bit" value="false"/>
        <property key="legacy-libc" value="false"/>
        <property key="oXC16glb-macros" value=""/>
        <property key="output-file-format" value="elf"/>
      </C30Global>
      <ICD3PlatformTool>
        <property key="tracecontrol.medium" value="1"/>
        <property key="tracecontrol.portselect" value="0"/>
        <property key="tracecontrol.select" value="0"/>
      </ICD3PlatformTool>
    </conf>
    <conf name="PIC24_GA010_EPDv1_EX16_8PMP" type="2">
      <toolsSet>
        <developmentServer>localhost</developmentServer>
        <targetDevice>PIC24FJ128GA010</targetDevice>
        <targetHeader></targetHeader>
        <platformTool>ICD3PlatformTool</platformTool>
        <languageToolchain>XC16</languageToolchain>
        <languageToolchainVersion>1.00</languageToolchainVersion>
        <platform>3</platform>
      </toolsSet>
      <compileType>
        <linkerTool>
          <linkerLibItems>
          </linkerLibItems>
        </linkerTool>
        <loading>
          <useAlternateLoadableFile>false</useAlternateLoadableFile>
          <alternateLoadableFile></alternateLoadableFile>
        </loading>
      </compileType>
      <makeCustomizationType>
        <makeCustomizationPreStepEnabled>false</makeCustomizationPreStepEnabled>
        <makeCustomizationPreStep></makeCustomizationPreStep>
        <makeCustomizationPostStepEnabled>false</makeCustomizationPostStepEnabled>
        <makeCustomizationPostStep></makeCustomizationPostStep>
        <makeCustomizationPutChecksumInUserID>false</makeCustomizationPutChecksumInUserID>
        <makeCustomizationEnableLongLines>false</makeCustomizationEnableLongLines>
        <makeCustomizationNormalizeHexFile>false</makeCustomizationNormalizeHexFile>
      </makeCustomizationType>
      <item path="../gfx_font_resources_XC32.c" ex="true" overriding="false">
        <C30>
        </C30>
        <C30-AS>
        </C30-AS>
        <C30-LD>
        </C30-LD>
        <C30Global>
        </C30Global>
      </item>
      <C30>
        <property key="code-model" value="large-code"/>
        <property key="const-model" value="default"/>
        <property key="data-model" value="default"/>
        <property key="enable-all-warnings" value="true"/>
        <property key="enable-ansi-std" value="false"/>
        <property key="enable-ansi-warnings" value="false"/>
        <property key="enable-fatal-warnings" value="false"/>
        <property key="enable-large-arrays" value="false"/>
        <property key="enable-omit-frame-pointer" value="false"/>
        <property key="enable-procedural-abstraction" value="false"/>
        <property key="enable-short-double" value="false"/>
        <property key="enable-symbols" value="true"/>
        <property key="enable-unroll-loops" value="false"/>
        <property key="extra-include-directories"
                  value="..;../../Common;../../../Microchip/Include;../../../Board Support Package;../../../Microchip/Include/Graphics;../Configs"/>
        <property key="isolate-each-function" value="false"/>
        <property key="oXC16gcc-align-arr" value="false"/>
        <property key="oXC16gcc-cnsts-mauxflash" value="false"/>
        <property key="oXC16gcc-data-sects" value="false"/>
        <property key="oXC16gcc-errata" value=""/>
        <property key="oXC16gcc-fillupper" value=""/>
        <property key="oXC16gcc-large-aggregate" value="false"/>
        <property key="oXC16gcc-mauxflash" value="false"/>
        <property key="oXC16gcc-mpa-lvl" value=""/>
        <property key="oXC16gcc-name-text-sec" value=""/>
        <property key="oXC16gcc-near-chars" value="false"/>
        <property key="oXC16gcc-no-isr-warn" value="false"/>
        <property key="oXC16gcc-sfr-warn" value="false"/>
        <property key="oXC16gcc-smar-io-lvl" value="1"/>
        <property key="oXC16gcc-smart-io-fmt" value=""/>
        <property key="optimization-level" value="s"/>
        <property key="post-instruction-scheduling" value="default"/>
        <property key="pre-instruction-scheduling" value="default"/>
        <property key="preprocessor-macros"
                  value="CFG_INCLUDE_MPLAB_X;CFG_INCLUDE_EPD_8PMP"/>
        <property key="scalar-model" value="default"/>
        <appendMe value="-fno-ivopts"/>
      </C30>
      <C30-AS>
        <property key="assembler-symbols" value=""/>
        <property key="expand-macros" value="false"/>
        <property key="extra-include-directories-for-assembler" value="..;"/>
        <property key="extra-include-directories-for-preprocessor" value=""/>
        <property key="false-conditionals" value="false"/>
        <property key="keep-locals" value="false"/>
        <property key="list-assembly" value="false"/>
        <property key="list-section-info" value="false"/>
        <property key="list-source" value="false"/>
        <property key="list-symbols" value="false"/>
        <property key="oXC16asm-extra-opts" value=""/>
        <property key="omit-debug-dirs" value="false"/>
        <property key="omit-forms" value="false"/>
        <property key="preprocessor-macros" value=""/>
        <property key="relax" value="false"/>
        <property key="warning-level" value="emit-warnings"/>
        <appendMe value="-g"/>
      </C30-AS>
      <C30-LD>
        <property key="boot-eeprom" value="no_eeprom"/>
        <property key="boot-flash" value="no_flash"/>
        <property key="boot-ram" value="no_ram"/>
        <property key="boot-write-protect" value="no_write_protect"/>
        <property key="enable-check-sections" value="false"/>
        <property key="enable-data-init" value="true"/>
        <property key="enable-default-isr" value="true"/>
        <property key="enable-handles" value="true"/>
        <property key="enable-pack-data" value="true"/>
        <property key="extra-lib-directories" value="..;"/>
        <property key="general-code-protect" value="no_code_protect"/>
        <property key="general-write-protect" value="no_write_protect"/>
        <property key="generate-cross-reference-file" value="false"/>
        <property key="heap-size" value="2834"/>
        <property key="input-libraries" value=""/>
        <property key="linker-symbols" value=""/>
        <property key="map-file" value="&quot;${DISTDIR}/MPLAB.X.${IMAGE_TYPE}.map&quot;"/>
        <property key="oXC16ld-extra-opts" value=""/>
        <property key="oXC16ld-fill-upper" value="0"/>
        <property key="oXC16ld-force-link" value="false"/>
        <property key="oXC16ld-no-smart-io" value="false"/>
        <property key="oXC16ld-nostdlib" value="false"/>
        <property key="oXC16ld-stackguard" value="16"/>
        <property key="preprocessor-macros" value=""/>
        <property key="remove-unused-sections" value="false"/>
        <property key="report-memory-usage" value="true"/>
        <property key="secure-eeprom" value="no_eeprom"/>
        <property key="secure-flash" value="no_flash"/>
        <property key="secure-ram" value="no_ram"/>
        <property key="secure-write-protect" value="no_write_protect"/>
        <property key="stack-size" value="16"/>
        <property key="symbol-stripping" value=""/>
        <property key="trace-symbols" value=""/>
        <property key="warn-section-align" value="false"/>
      </C30-LD>
      <C30Global>
        <property key="fast-math" value="false"/>
        <property key="generic-16-bit" value="false"/>
        <property key="legacy-libc" value="false"/>
        <property key="oXC16glb-macros" value=""/>
        <property key="output-file-format" value="elf"/>
      </C30Global>
      <ICD3PlatformTool>
        <property key="tracecontrol.medium" value="1"/>
        <property key="tracecontrol.portselect" value="0"/>
        <property key="tracecontrol.select" value="0"/>
      </ICD3PlatformTool>
    </conf>
    <conf name="PIC24_GB210_EPDv1_EX16_16PMP" type="2">
      <toolsSet>
        <developmentServer>localhost</developmentServer>
        <targetDevice>PIC24FJ256GB210</targetDevice>
        <targetHeader></targetHeader>
        <platformTool>ICD3PlatformTool</platformTool>
        <languageToolchain>XC16</languageToolchain>
        <languageToolchainVersion>1.00</languageToolchainVersion>
        <platform>3</platform>
      </toolsSet>
      <compileType>
        <linkerTool>
          <linkerLibItems>
          </linkerLibItems>
        </linkerTool>
        <loading>
          <useAlternateLoadableFile>false</useAlternateLoadableFile>
          <alternateLoadableFile></alternateLoadableFile>
        </loading>
      </compileType>
      <makeCustomizationType>
        <makeCustomizationPreStepEnabled>false</makeCustomizationPreStepEnabled>
        <makeCustomizationPreStep></makeCustomizationPreStep>
        <makeCustomizationPostStepEnabled>false</makeCustomizationPostStepEnabled>
        <makeCustomizationPostStep></makeCustomizationPostStep>
        <makeCustomizationPutChecksumInUserID>false</makeCustomizationPutChecksumInUserID>
        <makeCustomizationEnableLongLines>false</makeCustomizationEnableLongLines>
        <makeCustomizationNormalizeHexFile>false</makeCustomizationNormalizeHexFile>
      </makeCustomizationType>
      <item path="../gfx_font_resources_XC32.c" ex="true" overriding="false">
        <C30>
        </C30>
        <C30-AS>
        </C30-AS>
        <C30-LD>
        </C30-LD>
        <C30Global>
        </C30Global>
      </item>
      <C30>
        <property key="code-model" value="large-code"/>
        <property key="const-model" value="default"/>
        <property key="data-model" value="default"/>
        <property key="enable-all-warnings" value="true"/>
        <property key="enable-ansi-std" value="false"/>
        <property key="enable-ansi-warnings" value="false"/>
        <property key="enable-fatal-warnings" value="false"/>
        <property key="enable-large-arrays" value="false"/>
        <property key="enable-omit-frame-pointer" value="false"/>
        <property key="enable-procedural-abstraction" value="false"/>
        <property key="enable-short-double" value="false"/>
        <property key="enable-symbols" value="true"/>
        <property key="enable-unroll-loops" value="false"/>
        <property key="extra-include-directories"
                  value="..;../../Common;../../../Microchip/Include;../../../Board Support Package;../../../Microchip/Include/Graphics;../Configs"/>
        <property key="isolate-each-function" value="false"/>
        <property key="oXC16gcc-align-arr" value="false"/>
        <property key="oXC16gcc-cnsts-mauxflash" value="false"/>
        <property key="oXC16gcc-data-sects" value="false"/>
        <property key="oXC16gcc-errata" value=""/>
        <property key="oXC16gcc-fillupper" value=""/>
        <property key="oXC16gcc-large-aggregate" value="false"/>
        <property key="oXC16gcc-mauxflash" value="false"/>
        <property key="oXC16gcc-mpa-lvl" value=""/>
        <property key="oXC16gcc-name-text-sec" value=""/>
        <property key="oXC16gcc-near-chars" value="false"/>
        <property key="oXC16gcc-no-isr-warn" value="false"/>
        <property key="oXC16gcc-sfr-warn" value="false"/>
        <property key="oXC16gcc-smar-io-lvl" value="1"/>
        <property key="oXC16gcc-smart-io-fmt" value=""/>
        <property key="optimization-level" value="s"/>
        <property key="post-instruction-scheduling" value="default"/>
        <property key="pre-instruction-scheduling" value="default"/>
        <property key="preprocessor-macros"
                  value="CFG_INCLUDE_MPLAB_X;CFG_INCLUDE_EPD_16PMP"/>
        <property key="scalar-model" value="default"/>
        <appendMe value="-fno-ivopts"/>
      </C30>
      <C30-AS>
        <property key="assembler-symbols" value=""/>
        <property key="expand-macros" value="false"/>
        <property key="extra-include-directories-for-assembler" value="..;"/>
        <property key="extra-include-directories-for-preprocessor" value=""/>
        <property key="false-conditionals" value="false"/>
        <property key="keep-locals" value="false"/>
        <property key="list-assembly" value="false"/>
        <property key="list-section-info" value="false"/>
        <property key="list-source" value="false"/>
        <property key="list-symbols" value="false"/>
        <property key="oXC16asm-extra-opts" value=""/>
        <property key="omit-debug-dirs" value="false"/>
        <property key="omit-forms" value="false"/>
        <property key="preprocessor-macros" value=""/>
        <property key="relax" value="false"/>
        <property key="warning-level" value="emit-warnings"/>
        <appendMe value="-g"/>
      </C30-AS>
      <C30-LD>
        <property key="boot-eeprom" value="no_eeprom"/>
        <property key="boot-flash" value="no_flash"/>
        <property key="boot-ram" value="no_ram"/>
        <property key="boot-write-protect" value="no_write_protect"/>
        <property key="enable-check-sections" value="false"/>
        <property key="enable-data-init" value="true"/>
        <property key="enable-default-isr" value="true"/>
        <property key="enable-handles" value="true"/>
        <property key="enable-pack-data" value="true"/>
        <property key="extra-lib-directories" value="..;"/>
        <property key="general-code-protect" value="no_code_protect"/>
        <property key="general-write-protect" value="no_write_protect"/>
        <property key="generate-cross-reference-file" value="false"/>
        <property key="heap-size" value="2834"/>
        <property key="input-libraries" value=""/>
        <property key="linker-symbols" value=""/>
        <property key="map-file" value="&quot;${DISTDIR}/MPLAB.X.${IMAGE_TYPE}.map&quot;"/>
        <property key="oXC16ld-extra-opts" value=""/>
        <property key="oXC16ld-fill-upper" value="0"/>
        <property key="oXC16ld-force-link" value="false"/>
        <property key="oXC16ld-no-smart-io" value="false"/>
        <property key="oXC16ld-nostdlib" value="false"/>
        <property key="oXC16ld-stackguard" value="16"/>
        <property key="preprocessor-macros" value=""/>
        <property key="remove-unused-sections" value="false"/>
        <property key="report-memory-usage" value="true"/>
        <property key="secure-eeprom" value="no_eeprom"/>
        <property key="secure-flash" value="no_flash"/>
        <property key="secure-ram" value="no_ram"/>
        <property key="secure-write-protect" value="no_write_protect"/>
        <property key="stack-size" value="16"/>
        <property key="symbol-stripping" value=""/>
        <property key="trace-symbols" value=""/>
        <property key="warn-section-align" value="false"/>
      </C30-LD>
      <C30Global>
        <property key="fast-math" value="false"/>
        <property key="generic-16-bit" value="false"/>
        <property key="legacy-libc" value="false"/>
        <property key="oXC16glb-macros" value=""/>
        <property key="output-file-format" value="elf"/>
      </C30Global>
      <ICD3PlatformTool>
        <property key="tracecontrol.medium" value="1"/>
        <property key="tracecontrol.portselect" value="0"/>
        <property key="tracecontrol.select" value="0"/>
      </ICD3PlatformTool>
    </conf>
    <conf name="PIC32_MX795_EPDv1_EX16_8PMP" type="2">
      <toolsSet>
        <developmentServer>localhost</developmentServer>
        <targetDevice>PIC32MX795F512L</targetDevice>
        <targetHeader></targetHeader>
        <platformTool>ICD3PlatformTool</platformTool>
        <languageToolchain>XC32</languageToolchain>
        <languageToolchainVersion>1.00</languageToolchainVersion>
        <platform>3</platform>
      </toolsSet>
      <compileType>
        <linkerTool>
          <linkerLibItems>
          </linkerLibItems>
        </linkerTool>
        <loading>
          <useAlternateLoadableFile>false</useAlternateLoadableFile>
          <alternateLoadableFile></alternateLoadableFile>
        </loading>
      </compileType>
      <makeCustomizationType>
        <makeCustomizationPreStepEnabled>false</makeCustomizationPreStepEnabled>
        <makeCustomizationPreStep></makeCustomizationPreStep>
        <makeCustomizationPostStepEnabled>false</makeCustomizationPostStepEnabled>
        <makeCustomizationPostStep></makeCustomizationPostStep>
        <makeCustomizationPutChecksumInUserID>false</makeCustomizationPutChecksumInUserID>
        <makeCustomizationEnableLongLines>false</makeCustomizationEnableLongLines>
        <makeCustomizationNormalizeHexFile>false</makeCustomizationNormalizeHexFile>
      </makeCustomizationType>
      <item path="../gfx_font_resources_XC16.c" ex="true" overriding="false">
        <C32>
        </C32>
        <C32-AS>
        </C32-AS>
        <C32-LD>
        </C32-LD>
        <C32Global>
        </C32Global>
      </item>
      <item path="../gfx_font_resources_XC32.c" ex="false" overriding="false">
        <C32>
        </C32>
        <C32-AS>
        </C32-AS>
        <C32-LD>
        </C32-LD>
        <C32Global>
        </C32Global>
      </item>
      <C32>
        <property key="additional-warnings" value="false"/>
        <property key="enable-app-io" value="false"/>
        <property key="enable-omit-frame-pointer" value="false"/>
        <property key="enable-symbols" value="true"/>
        <property key="enable-unroll-loops" value="false"/>
        <property key="exclude-floating-point" value="false"/>
        <property key="extra-include-directories"
                  value="..\;..\..\..\Board Support Package;..\..\..\Microchip\Include;..\..\Common"/>
        <property key="generate-16-bit-code" value="false"/>
        <property key="isolate-each-function" value="false"/>
        <property key="make-warnings-into-errors" value="false"/>
        <property key="optimization-level" value=""/>
        <property key="place-data-into-section" value="false"/>
        <property key="post-instruction-scheduling" value="default"/>
        <property key="pre-instruction-scheduling" value="default"/>
        <property key="preprocessor-macros"
                  value="CFG_INCLUDE_EPD_8PMP;CFG_INCLUDE_MPLAB_X"/>
        <property key="strict-ansi" value="false"/>
        <property key="support-ansi" value="false"/>
        <property key="use-indirect-calls" value="false"/>
      </C32>
      <C32-AS>
        <property key="assembler-symbols" value=""/>
        <property key="enable-symbols" value="true"/>
        <property key="exclude-floating-point-library" value="false"/>
        <property key="expand-macros" value="false"/>
        <property key="extra-include-directories-for-assembler" value=""/>
        <property key="extra-include-directories-for-preprocessor" value=""/>
        <property key="false-conditionals" value="false"/>
        <property key="keep-locals" value="false"/>
        <property key="list-assembly" value="false"/>
        <property key="list-file" value=""/>
        <property key="list-section-info" value="false"/>
        <property key="list-source" value="false"/>
        <property key="list-symbols" value="false"/>
        <property key="omit-debug-dirs" value="false"/>
        <property key="omit-forms" value="false"/>
        <property key="preprocessor-macros" value=""/>
        <property key="warning-level" value=""/>
      </C32-AS>
      <C32-LD>
        <property key="enable-check-sections" value="false"/>
        <property key="exclude-floating-point-library" value="false"/>
        <property key="exclude-standard-libraries" value="false"/>
        <property key="extra-lib-directories" value=""/>
        <property key="generate-16-bit-code" value="false"/>
        <property key="generate-cross-reference-file" value="false"/>
        <property key="heap-size" value="2834"/>
        <property key="input-libraries" value=""/>
        <property key="linker-symbols" value=""/>
        <property key="map-file" value=""/>
        <property key="no-startup-files" value="false"/>
        <property key="optimization-level" value=""/>
        <property key="preprocessor-macros" value=""/>
        <property key="remove-unused-sections" value="false"/>
        <property key="report-memory-usage" value="false"/>
        <property key="stack-size" value="16"/>
        <property key="symbol-stripping" value=""/>
        <property key="trace-symbols" value=""/>
        <property key="warn-section-align" value="false"/>
      </C32-LD>
      <C32Global>
        <property key="legacy-libc" value="false"/>
      </C32Global>
      <ICD3PlatformTool>
        <property key="tracecontrol.medium" value="1"/>
        <property key="tracecontrol.portselect" value="0"/>
        <property key="tracecontrol.select" value="0"/>
      </ICD3PlatformTool>
    </conf>
    <conf name="PIC32_MX795_EPDv1_EX16_16PMP" type="2">
      <toolsSet>
        <developmentServer>localhost</developmentServer>
        <targetDevice>PIC32MX795F512L</targetDevice>
        <targetHeader></targetHeader>
        <platformTool>ICD3PlatformTool</platformTool>
        <languageToolchain>XC32</languageToolchain>
        <languageToolchainVersion>1.00</languageToolchainVersion>
        <platform>3</platform>
      </toolsSet>
      <compileType>
        <linkerTool>
          <linkerLibItems>
          </linkerLibItems>
        </linkerTool>
        <loading>
          <useAlternateLoadableFile>false</useAlternateLoadableFile>
          <alternateLoadableFile></alternateLoadableFile>
        </loading>
      </compileType>
      <makeCustomizationType>
        <makeCustomizationPreStepEnabled>false</makeCustomizationPreStepEnabled>
        <makeCustomizationPreStep></makeCustomizationPreStep>
        <makeCustomizationPostStepEnabled>false</makeCustomizationPostStepEnabled>
        <makeCustomizationPostStep></makeCustomizationPostStep>
        <makeCustomizationPutChecksumInUserID>false</makeCustomizationPutChecksumInUserID>
        <makeCustomizationEnableLongLines>false</makeCustomizationEnableLongLines>
        <makeCustomizationNormalizeHexFile>false</makeCustomizationNormalizeHexFile>
      </makeCustomizationType>
      <item path="../gfx_font_resources_XC16.c" ex="true" overriding="false">
        <C32>
        </C32>
        <C32-AS>
        </C32-AS>
        <C32-LD>
        </C32-LD>
        <C32Global>
        </C32Global>
      </item>
      <item path="../gfx_font_resources_XC32.c" ex="false" overriding="false">
        <C32>
        </C32>
        <C32-AS>
        </C32-AS>
        <C32-LD>
        </C32-LD>
        <C32Global>
        </C32Global>
      </item>
      <C32>
        <property key="additional-warnings" value="false"/>
        <property key="enable-app-io" value="false"/>
        <property key="enable-omit-frame-pointer" value="false"/>
        <property key="enable-symbols" value="true"/>
        <property key="enable-unroll-loops" value="false"/>
        <property key="exclude-floating-point" value="false"/>
        <property key="extra-include-directories"
                  value="..\;..\..\..\Board Support Package;..\..\..\Microchip\Include;..\..\Common"/>
        <property key="generate-16-bit-code" value="false"/>
        <property key="isolate-each-function" value="false"/>
        <property key="make-warnings-into-errors" value="false"/>
        <property key="optimization-level" value=""/>
        <property key="place-data-into-section" value="false"/>
        <property key="post-instruction-scheduling" value="default"/>
        <property key="pre-instruction-scheduling" value="default"/>
        <property key="preprocessor-macros"
                  value="CFG_INCLUDE_EPD_16PMP;CFG_INCLUDE_MPLAB_X"/>
        <property key="strict-ansi" value="false"/>
        <property key="support-ansi" value="false"/>
        <property key="use-indirect-calls" value="false"/>
      </C32>
      <C32-AS>
        <property key="assembler-symbols" value=""/>
        <property key="enable-symbols" value="true"/>
        <property key="exclude-floating-point-library" value="false"/>
        <property key="expand-macros" value="false"/>
        <property key="extra-include-directories-for-assembler" value=""/>
        <property key="extra-include-directories-for-preprocessor" value=""/>
        <property key="false-conditionals" value="false"/>
        <property key="keep-locals" value="false"/>
        <property key="list-assembly" value="false"/>
        <property key="list-file" value=""/>
        <property key="list-section-info" value="false"/>
        <property key="list-source" value="false"/>
        <property key="list-symbols" value="false"/>
        <property key="omit-debug-dirs" value="false"/>
        <property key="omit-forms" value="false"/>
        <property key="preprocessor-macros" value=""/>
        <property key="warning-level" value=""/>
      </C32-AS>
      <C32-LD>
        <property key="enable-check-sections" value="false"/>
        <property key="exclude-floating-point-library" value="false"/>
        <property key="exclude-standard-libraries" value="false"/>
        <property key="extra-lib-directories" value=""/>
        <property key="generate-16-bit-code" value="false"/>
        <property key="generate-cross-reference-file" value="false"/>
        <property key="heap-size" value="2834"/>
        <property key="input-libraries" value=""/>
        <property key="linker-symbols" value=""/>
        <property key="map-file" value=""/>
        <property key="no-startup-files" value="false"/>
        <property key="optimization-level" value=""/>
        <property key="preprocessor-macros" value=""/>
        <property key="remove-unused-sections" value="false"/>
        <property key="report-memory-usage" value="false"/>
        <property key="stack-size" value="16"/>
        <property key="symbol-stripping" value=""/>
        <property key="trace-symbols" value=""/>
        <property key="warn-section-align" value="false"/>
      </C32-LD>
      <C32Global>
        <property key="legacy-libc" value="false"/>
      </C32Global>
      <ICD3PlatformTool>
        <property key="tracecontrol.medium" value="1"/>
        <property key="tracecontrol.portselect" value="0"/>
        <property key="tracecontrol.select" value="0"/>
      </ICD3PlatformTool>
    </conf>
  </confs>
</configurationDescriptor>
