<?xml version="1.0" encoding="UTF-8"?>
<project xmlns="http://www.netbeans.org/ns/project/1">
    <type>com.microchip.mplab.nbide.embedded.makeproject</type>
    <configuration>
        <data xmlns="http://www.netbeans.org/ns/make-project/1">
            <name>Graphics - E-Paper Epson Demo</name>
            <creation-uuid>b478a7b3-91ee-43f1-8bfe-8276d1abb20e</creation-uuid>
            <make-project-type>0</make-project-type>
            <c-extensions>c</c-extensions>
            <cpp-extensions/>
            <header-extensions>h</header-extensions>
            <sourceEncoding>UTF-8</sourceEncoding>
            <make-dep-projects/>
        </data>
    </configuration>
</project>
