<?xml version="1.0" encoding="ISO-8859-1"?>
<Graphics_Resource_Converter>
<Configuration>
<major>3</major>
<minor>14</minor>
<compiler>C30</compiler>
<format>CArray</format>
<graphics_module>false</graphics_module>
<graphics_model>16 bpp</graphics_model>
</Configuration>
<JPEGs>
<JPEG_Resource>
<label>Logo</label>
<path>Logo.jpg</path>
</JPEG_Resource>
</JPEGs>
<Binary_Files>
<Binary_Resource>
<label>MchpIcon_bmp</label>
<path>MchpIcon_bmp.bin</path>
</Binary_Resource>
</Binary_Files>
</Graphics_Resource_Converter>
