<?xml version="1.0" encoding="ISO-8859-1"?>
<Graphics_Resource_Converter>
<Configuration>
<major>3</major>
<minor>13</minor>
<compiler>C30</compiler>
<format>CArray</format>
<graphics_module>false</graphics_module>
<graphics_model>16 bpp</graphics_model>
</Configuration>
<Bitmaps>
<Bitmap_Resource>
<label>internalbitmap</label>
<path>internalbitmap.bmp</path>
<compression>None</compression>
</Bitmap_Resource>
</Bitmaps>
<Font_Files>
<Font_File_Resource>
<label>internalfont</label>
<path>../../../Microchip/Graphics/Fonts/gentium/Gentium27.fnt</path>
<comment_file>../../../Microchip/Graphics/Fonts/gentium/GentiumLicense.txt</comment_file>
<first_character>0</first_character>
<last_character>127</last_character>
<font_filter>None</font_filter>
</Font_File_Resource>
</Font_Files>
</Graphics_Resource_Converter>
